model,subreddit,date_range_0,date_range_1,num_topics
lda,politics,2019-10-01,2020-09-30,10
nmf,politics,2019-10-01,2020-09-30,10
lda,politics,2020-10-01,2021-09-30,10
nmf,politics,2020-10-01,2021-09-30,10
lda,politics,2021-10-01,2022-09-30,10
nmf,politics,2021-10-01,2022-09-30,10
lda,politics,2019-10-01,2022-09-30,10
nmf,politics,2019-10-01,2022-09-30,10
bertopic,politics,2019-10-01,2020-09-30,None
bertopic,politics,2020-10-01,2021-09-30,None
bertopic,politics,2021-10-01,2022-09-30,None
bertopic,politics,2019-10-01,2022-09-30,None
bertopic,worldnews,2019-10-01,2020-09-30,None
bertopic,worldnews,2020-10-01,2021-09-30,None
bertopic,worldnews,2021-10-01,2022-09-30,None
lda,science,2021-10-01,2022-09-30,10
lda,science,2021-10-01,2022-09-30,20
nmf,science,2021-10-01,2022-09-30,20
bertopic,science,2021-10-01,2022-09-30,None
lda,science,2019-10-01,2022-09-30,20
nmf,science,2019-10-01,2022-09-30,20
lda,worldnews,2021-10-01,2022-09-30,20
nmf,worldnews,2021-10-01,2022-09-30,20
bertopic,science,2019-10-01,2022-09-30,None
lda,worldnews,2019-10-01,2022-09-30,20
nmf,worldnews,2019-10-01,2022-09-30,20
bertopic,worldnews,2019-10-01,2022-09-30,None
lda,netflix,2021-10-01,2022-09-30,20
nmf,netflix,2021-10-01,2022-09-30,20
bertopic,netflix,2021-10-01,2022-09-30,None
lda,netflix,2019-10-01,2022-09-30,20
nmf,netflix,2019-10-01,2022-09-30,20
bertopic,netflix,2019-10-01,2022-09-30,None
